conf/icse/Green76|journals/ai/Clancey85a|journals/ibmrd/Heidorn76|journals/jacm/Summers77|journals/toplas/MannaW80|journals/tse/Balzer85|journals/tse/Barstow85|journals/tse/NechesSM85|journals/tse/RichS78|journals/tse/Waters85,http://doi.ieeecomputersociety.org/10.1109/69.87984|https://doi.org/10.1109/69.87984,IEEE Trans. Knowl. Data Eng.,journals/tkde/GomezW89,20/05/2017,398-405,Automatic Programming for End Users: The TOAD System.,1,1989,journal,,,Fernando Gomez,,Corinna Habeck|Michel Habib|David D. Grossman
conf/sp/AklD87|journals/cacm/Denning76|journals/csur/Landwehr81,http://doi.ieeecomputersociety.org/10.1109/69.469837|https://doi.org/10.1109/69.469837,IEEE Trans. Knowl. Data Eng.,journals/tkde/GongQ95,20/05/2017,839-841,Enriching the Expressive Power of Security Labels.,7,1995,journal,,,Li Gong,,Theodore Andronikos|Jürgen Koenemann|John N. Zigman
books/mk/Cattell96|conf/kdd/ChuC94|conf/sigmod/ChuMB93|conf/spieSR/DaneelsCNEBBF93|conf/spieSR/NiblackBEFGPYFT93|conf/ssd/Egenhofer91|conf/vldb/RabittiS92|journals/computer/MehrotraG95|journals/is/ChuCT95|journals/jiis/ChuYCMCL96|journals/tc/Perkins78|journals/tkde/BachPJ93|journals/tkde/ChuC94|journals/tkde/WorthLK92|journals/tse/ChangYDA88|journals/vldb/ChuIT94,http://doi.ieeecomputersociety.org/10.1109/69.536245|https://doi.org/10.1109/69.536245,IEEE Trans. Knowl. Data Eng.,journals/tkde/HsuCT96,20/05/2017,522-532,A Knowledge-Based Approach for Retrieving Images by Content.,8,1996,journal,,,Chih-Cheng Hsu,,Gabriella Monteleone|Naomi Nishimura|Arnaldo V. Moura
journals/tkde/FanS93,,IEEE Trans. Knowl. Data Eng.,journals/tkde/FanS93a,16/09/2012,900,"Corrections to ""An Efficient Algorithm for Matching Multiple Patterns"".",5,1993,journal,,,Jang-Jong Fan,corrections,Peter J. Denning|Ahmed E. Kamal|Huan Liu|Akira Fukuda|Yi-Jen Chiang|Abad A. Shah|Khaled Yagoub|Martin Schneider 0006|David L. Spooner|Andreas Zeller|Teodor C. Przymusinski
books/sp/kimrb85/Jarke85|conf/icde/Chakravarthy91|conf/icde/Graefe94|conf/icde/ParkS88|conf/sigmod/Finkelstein82|conf/vldb/ChakravarthyM86|conf/vldb/RosenkrantzH80|conf/vldb/RosenthalC88|journals/ibmrd/Hall76|journals/tods/Sellis88|journals/tods/WongY76,http://doi.ieeecomputersociety.org/10.1109/69.687980|https://doi.org/10.1109/69.687980,IEEE Trans. Knowl. Data Eng.,journals/tkde/ChenD98,20/05/2017,493-499,Common Subexpression Processing in Multiple-Query Processing.,10,1998,journal,,,Fa-Chung Fred Chen,,James M. Showalter|James H. Aylor|Nicola Leone
books/wi/KaufmanR90|conf/gis/SheikholeslamiZB97|conf/icmcs/WangYA97|conf/icmcs/ZhangCMS97|conf/mm/ChangSZS97|conf/mm/SmithC96|conf/sigir/CallanLC95|conf/sigir/Lee95|conf/sigmod/ZhangRL96|conf/trec/FoxS93|conf/trec/VoorheesGJ94|conf/vldb/GravanoG95|conf/vldb/GravanoG97|conf/vldb/NgH94|journals/cn/Koster94|journals/computer/FlicknerSAHDGHLPSY95|journals/computer/GudivadaR95|journals/csys/DanzigLO92|journals/mta/RemiasSZS97|journals/tkde/BachPJ93,http://doi.ieeecomputersociety.org/10.1109/69.738358|https://doi.org/10.1109/69.738358,IEEE Trans. Knowl. Data Eng.,journals/tkde/ChangSWZ98,20/06/2018,926-946,Data Resource Selection in Distributed Visual Information Systems.,10,1998,journal,,,Wendy Chang,,Rony Attar|Pamela Surko|My Hoang
books/aw/Samet90|conf/pods/OrensteinM84|conf/pods/OukselS83|conf/sigmod/Freeston87|conf/sigmod/Orenstein86|conf/sigmod/Robinson81|journals/bit/Burkhard83|journals/bit/Hinrichs85|journals/cacm/Bentley75|journals/cacm/RothnieL74|journals/csur/Comer79|journals/spe/DandamudiS86|journals/tods/NievergeltHS84,http://doi.ieeecomputersociety.org/10.1109/69.277778|https://doi.org/10.1109/69.277778,IEEE Trans. Knowl. Data Eng.,journals/tkde/Kumar94,20/05/2017,341-347,G-Tree: A New Data Structure for Organizing Multidimensional Data.,6,1994,journal,,,Akhil Kumar 0001,g|tree,Tarik Bouaziz|Sudhir K. Arora|B. Clifford Neuman|Arie Tzvieli|Rafael Alonso|George G. Dodd
books/aw/BernsteinHG87|books/mk/elmagarmid92/ChrysanthisR92|conf/dasfaa/SonK93|conf/ds/GrayLPT76|conf/icdcs/SonK92|conf/icde/KamathR93|conf/icde/WiederholdQ87|conf/icde/WuYP92|conf/ride/PuL92|conf/sigmod/KorthS88|conf/sigmod/PuL91|conf/vldb/DuE89|conf/wmrd/BarbaraG90|conf/wmrd/ShethR90|journals/csur/BernsteinG81|journals/dpd/PuHKWY95|journals/jacm/Papadimitriou79b|journals/jacm/YuDL93|journals/tkde/RamamrithamP95|journals/tkde/YuHD91|journals/tods/AgrawalCL87|journals/tods/AlonsoBG90|journals/tods/FranaszekR85|journals/tods/Garcia-MolinaW82|journals/tods/KrishnakumarB94|journals/tods/KungR81|journals/tse/YuD92,http://doi.ieeecomputersociety.org/10.1109/69.591451|https://doi.org/10.1109/69.591451,IEEE Trans. Knowl. Data Eng.,journals/tkde/WuYP97,20/05/2017,262-274,Divergence Control Algorithms for Epsilon Serializability.,9,1997,journal,,,Kun-Lung Wu,,Subbarao Ghanta|Milton A. Gottschall|Bernard Silver
conf/ijcai/HadzikadicY89|journals/ai/GennariLF89|journals/ml/Fisher87|journals/ml/HansonB89|journals/ml/Langley87a|journals/ml/Lebowitz87,http://doi.ieeecomputersociety.org/10.1109/69.567059|https://doi.org/10.1109/69.567059,IEEE Trans. Knowl. Data Eng.,journals/tkde/HadzikadicB97,20/05/2017,168-173,Learning to Predict: INC2.5.,9,1997,journal,,,Mirsad Hadzikadic,,Nina Mills|Matthias Reich|A. Tjahjana
books/bc/tanselCGSS93/Lorentzos93|books/bc/tanselCGSS93/NavatheA93|books/kl/Snodgrass95|books/mg/CannanO93|conf/dexa/LorentzosM94|conf/icde/CliffordC87|conf/sigmod/DadamKABEGLPW86|conf/sigmod/SegevS87|conf/tdb/LorentzosJ87|journals/cacm/Codd70|journals/cj/LorentzosPS94|journals/dke/LorentzosPS95|journals/gis/Al-TahaSS94|journals/is/Lorentzos92|journals/is/RothKB87|journals/isci/Tansel91|journals/sigmod/JensenCEGHJ94|journals/tkde/Lorentzos94|journals/tkde/Sarda90|journals/tods/Ariav86|journals/tods/CliffordC94|journals/tods/Gadia88|journals/tods/OzsoyogluOM87|journals/tods/Snodgrass87,http://doi.ieeecomputersociety.org/10.1109/69.599935|https://doi.org/10.1109/69.599935,IEEE Trans. Knowl. Data Eng.,journals/tkde/LorentzosM97,20/05/2017,480-499,SQL Extension for Interval Data.,9,1997,journal,,,Nikos A. Lorentzos,,Wai Lam|Talel Abdessalem|Cliff B. Jones
books/aw/AhoHU74|books/cs/NaqviT89|books/mit/fayyadPSU96/HanF96|books/mit/fayyadPSU96/ShenOMZ96|books/mit/fayyadPSU96/SimoudisLK96|conf/alt/MuggletonF90|conf/dood/FuH95|conf/dood/KeroRTS95|conf/ecai/Bisson92|conf/kdd/AronisP94|conf/kdd/BrachmanA94|conf/kdd/LaerDR94|conf/kdd/ShenMOZ94|journals/ijcis/BrachmanSTAHKL93|journals/jair/MooneyC95|journals/ml/Fisher87|journals/ml/KietzM94|journals/ml/PazzaniK92|journals/ml/Quinlan90|journals/ml/Wrobel94,http://doi.ieeecomputersociety.org/10.1109/69.553157|https://doi.org/10.1109/69.553157,IEEE Trans. Knowl. Data Eng.,journals/tkde/ShenL96,20/05/2017,898-910,A Metapattern-Based Automated Discovery Loop for Integrated Data Mining - Unsupervised Learning of Relational Patterns.,8,1996,journal,,,Wei-Min Shen,,Kevin Hughes|Helmut Thöne|Patsy S. Yu
books/aw/kimL89/BretlMOPSSWW89|books/aw/kimL89/KimBCGW89|conf/adc/ProperW93|conf/caise/HofstedePW92|conf/caise/Troyer91|conf/caise/WiederholdJL91|conf/dbpl/BruceW87|conf/dbpl/Ohori87|conf/dexa/FalkenbergOP92|conf/dexa/HofstedePW94|conf/er/TreschS92|conf/oopsla/SkarraZ86|conf/sigmod/BanerjeeKKK87|conf/sigmod/SnodgrassA85|conf/tdb/CliffordR87|journals/acj/Roddick91|journals/acta/WijngaardenMPKSLMF75|journals/ai/Allen84|journals/cacm/McGregorK90a|journals/csur/CardelliW85|journals/csur/Katz90|journals/dke/EngelsGHHLSE92|journals/dke/HofstedeW93|journals/dke/NguyenR89|journals/dke/ProperW94|journals/is/HofstedePW93|journals/is/RoddickP92|journals/sigmod/Snodgrass90|journals/tods/Chen76,http://doi.ieeecomputersociety.org/10.1109/69.476503|https://doi.org/10.1109/69.476503,IEEE Trans. Knowl. Data Eng.,journals/tkde/ProperW95,08/06/2017,984-996,A General Theory for Evolving Application Models.,7,1995,journal,,,Henderik Alex Proper,,Pavel Velikhov|Klaus Weidenhaupt|Tarik Beldjilali
conf/ccs/BertinoBS94|conf/ccs/BertinoSJ93|conf/iclp/GelfondL88|conf/pods/BaudinetNW91|conf/sigmod/GuptaMS93|conf/usenix/SteinerNS88|conf/vldb/CeriW91|journals/csec/WooL93|journals/jacm/GelderRS91|journals/toplas/AbadiBLP93,http://doi.ieeecomputersociety.org/10.1109/69.485637|https://doi.org/10.1109/69.485637,IEEE Trans. Knowl. Data Eng.,journals/tkde/BertinoBFS96,02/11/2018,67-80,A Temporal Access Control Mechanism for Database Systems.,8,1996,journal,,,Elisa Bertino,,Jia Wang 0002|Lisa Ann Smith|Nigel Baker
conf/icde/Lee92|conf/icde/LimSPR93|conf/vldb/Dayal83|journals/computer/LitwinA86|journals/computer/Zadeh88|journals/dpd/TsengCY93|journals/sigmod/ChatterjeeS91|journals/tkde/BarbaraGP92|journals/tkde/DeMichiel89|journals/tkde/Takahashi93|journals/tse/LarsonNE89,http://doi.ieeecomputersociety.org/10.1109/69.542025|https://doi.org/10.1109/69.542025,IEEE Trans. Knowl. Data Eng.,journals/tkde/LimSS96,02/11/2018,707-723,An Evidential Reasoning Approach to Attribute Value Conflict Resolution in Database Integration.,8,1996,journal,,,Ee-Peng Lim,,Minglin Deng|Yuriko Yoshizawa|Ephraim P. Glinert
books/aw/BernsteinHG87|conf/ac/Gray78|conf/podc/BernsteinG83|conf/podc/WuuB84|conf/sigmod/ChanFLNR82|conf/sigmod/StearnsR81|conf/sosp/Gifford79|journals/cacm/EswarranGLT76|journals/csur/BernsteinG81|journals/dc/AgrawalBGS87|journals/ins/HeddayaHW89|journals/jacm/Papadimitriou79b|journals/tocs/Herlihy86|journals/tods/BernsteinG83|journals/tods/Garcia-MolinaW82|journals/tods/KungR81|journals/tods/Thomas79|journals/tse/ChanG85|journals/tse/Weihl87,http://doi.ieeecomputersociety.org/10.1109/69.204097|https://doi.org/10.1109/69.204097,IEEE Trans. Knowl. Data Eng.,journals/tkde/AgrawalS93,20/05/2017,126-137,"Modular Synchronization in Distributed, Multiversion Databases: Version Control and Concurrency Control.",5,1993,journal,,,Divyakant Agrawal,,Gilles Muller|Tse-Yu Yeh|David Gelernter
books/cs/Ullman89|books/mit/PF91/BergadanoGSBM91|books/mit/PF91/CaiCH91|books/mit/PiatetskyF91|books/mk/Minker88|books/sp/Lloyd84|conf/alt/MuggletonF90|conf/eds/Zaniolo86|conf/icml/PazzaniBS91|conf/icml/RichardsM91|conf/sigmod/BancilhonR86|journals/ai/Michalski83|journals/ai/RaedtB92|journals/cacm/GrantM92|journals/ml/Bergadanoa92|journals/ml/Quinlan90|journals/tkde/CeriGT89|journals/tkde/Yasdi91|journals/tkde/YounKHH92,http://doi.ieeecomputersociety.org/10.1109/69.250079|https://doi.org/10.1109/69.250079,IEEE Trans. Knowl. Data Eng.,journals/tkde/Bergadano93,20/05/2017,969-972,Inductive Database Relations.,5,1993,journal,,,Francesco Bergadano,,Jay M. Tenenbaum|Yoshiaki Fukushima|Abdelaziz Abdellatif
books/aw/Knuth73a|conf/db-workshops/CareyD85|conf/icde/BittonHT87|conf/icde/KumarB91|conf/iwdm/Eich87|conf/sigmod/DeWittKOSSW84|conf/sigmod/Group88|conf/sigmod/HaasFLP89|conf/sigmod/LehmanC86|conf/sigmod/LehmanC87|conf/sigmod/LindsayMP87|conf/sigmod/Lohman88|conf/vldb/BittonDT83|conf/vldb/CareySLLM90|conf/vldb/GottemukkalaL92|conf/vldb/LehmanC86|journals/cacm/ChamberlinABGKLLMPPSSSTWY81|journals/tc/Hagmann86|journals/tkde/DeWittGSBHR90|journals/tkde/HaasCLMWLLPCS90|journals/tkde/SalemG90|journals/tkde/StonebrakerRH90|journals/tods/AstrahanBCEGGKLMMPTWW76|journals/tods/Harder78|journals/tods/WhangK90,http://doi.ieeecomputersociety.org/10.1109/69.180606|https://doi.org/10.1109/69.180606,IEEE Trans. Knowl. Data Eng.,journals/tkde/LehmanSC92,20/05/2017,555-566,An Evaluation of Starburst's Memory Resident Storage Component.,4,1992,journal,,,Tobin J. Lehman,,Masayo Kaji|Laura Yedwab|Holger Horn
books/aw/Knuth73|books/cu/DunnE82|books/mit/PF91/FrawleyPM91|conf/chi/AhlbergWS92|conf/dbvis/Keim95|conf/icde/AnwarBN92|conf/icde/KeimKS94|conf/icde/Vasudevan94|conf/sigmod/ConsensM93|conf/sigmod/KeimK95|conf/sigmod/ParkCY95|conf/vdb/KeimK95|conf/vldb/AgrawalS94|conf/vldb/NgH94|journals/ipm/SaltonB88|journals/jiis/GaasterlandGM92|journals/tkde/HanCC93|journals/tkde/MatheusCP93|journals/tkde/Motro90|journals/tog/Shneiderman92,http://doi.ieeecomputersociety.org/10.1109/69.553159|https://doi.org/10.1109/69.553159,IEEE Trans. Knowl. Data Eng.,journals/tkde/KeimK96,20/05/2017,923-938,Visualization Techniques for Mining Large Databases: A Comparison.,8,1996,journal,,,Daniel A. Keim,databases,Harry R. Lewis|Dongqing Yang|Fèlix Saltor|K. Gopinath|Robert Wrembel|Dan W. Hammerstrom|Robert Veroff|Hiroaki Harada|Junguk L. Kim
conf/edbt/ImielinskiVB94|conf/sigmod/AcharyaAFZ95|conf/sigmod/AlonsoK93|conf/sigmod/BarbaraI94|conf/sigmod/HermanGLW87|conf/sigmod/ImielinskiVB94|journals/cacm/BowenGHHLMRW92|journals/pieee/Wong88,http://doi.ieeecomputersociety.org/10.1109/69.599926|https://doi.org/10.1109/69.599926|https://www.wikidata.org/entity/Q56387506,IEEE Trans. Knowl. Data Eng.,journals/tkde/ImielinskiVB97,14/11/2018,353-372,Data on Air: Organization and Access.,9,1997,journal,,,Tomasz Imielinski,data,Randy Kerber|Kjell Bratbergsengen|Carol Small|Abraham Silberschatz
books/bc/TanselCGJSS93|books/el/leeuwen90/Emerson90|books/mk/Cattell96|conf/focs/Pnueli77|conf/icde/DayDIKG95|conf/icde/SubramanianLVZ95|conf/sigmod/Cruz92|conf/spieSR/DaneelsCNEBBF93|conf/spieSR/NiblackBEFGPYFT93|conf/vldb/GabbayM91|conf/vldb/Richardson92|journals/cacm/Allen83|journals/cacm/ChuCHY96|journals/debu/AryaCFRT93|journals/is/ChuCT95|journals/is/CuppensD89|journals/is/WeilandS93|journals/tkde/BachPJ93|journals/tkde/BimboVZ95|journals/tkde/CardenasITBB93|journals/tkde/ChuC94|journals/tkde/DionisioC98|journals/tkde/HsuCT96|journals/tkde/LittleG93|journals/tkde/MohanK93|journals/tkde/WorthLK92|journals/tse/ChangYDA88|journals/tse/RoussopoulosFS88|journals/vlc/DionisioC96|journals/vldb/ChuIT94,http://doi.ieeecomputersociety.org/10.1109/69.738355|https://doi.org/10.1109/69.738355,IEEE Trans. Knowl. Data Eng.,journals/tkde/ChuHCT98,20/05/2017,872-888,Knowledge-Based Image Retrieval with Spatial and Temporal Constructs.,10,1998,journal,,,Wesley W. Chu,knowledge,Chip Cleary|Jia-Jie Li|Jack R. Adams-Webber|Brian N. Bershad|S. K. C. Subas|Philip T. Mueller Jr.|Chandramohan A. Thekkath|Fereidoon Sadri|Scott B. Huffman
books/aw/Knuth73|books/mk/PattersonH90|conf/icde/PaiV92|conf/sigmod/SalzbergTGSUV90|conf/stoc/VitterS90|conf/vldb/IyerRV89|journals/acta/Salzberg89|journals/cacm/AggarwalV88|journals/tc/BeckBW88|journals/tc/KwanB85,http://doi.ieeecomputersociety.org/10.1109/69.494169|https://doi.org/10.1109/69.494169,IEEE Trans. Knowl. Data Eng.,journals/tkde/ZhengL96,20/05/2017,322-332,Speeding up External Mergesort.,8,1996,journal,,,LuoQuan Zheng,,Claude Godart|Madhukar R. Korupolu|Hitoshi Matsumoto
books/bc/ElmasriN94|books/bc/TanselCGJSS93|books/bc/tanselCGSS93/ElmasriWK93a|books/bc/tanselCGSS93/JensenM93|books/bc/tanselCGSS93/LometS93|books/ph/Salzberg88|conf/gis/Snodgrass92|conf/sigmod/BlakeleyLT86|conf/sigmod/LindsayHM86|conf/sigmod/LometS90|conf/sigmod/SnodgrassA85|conf/vldb/AdibaL80|conf/vldb/CareySLLM90|conf/vldb/Stonebraker87|journals/csur/McKenzieS91|journals/csur/SalzbergT99|journals/sigmod/JensenCEGHJ94|journals/sigmod/McKenzie86|journals/sigmod/Soo91|journals/sigmod/TsotrasK96|journals/tkde/GunadhiS93|journals/tkde/JensenM92|journals/tkde/JensenMR91|journals/tkde/OzsoyogluS95a|journals/tods/BlakeleyCL89|journals/tods/LometS90|journals/tods/Roussopoulos91,http://doi.ieeecomputersociety.org/10.1109/69.706059|https://doi.org/10.1109/69.706059,IEEE Trans. Knowl. Data Eng.,journals/tkde/TorpMJ98,20/05/2017,599-611,Efficient Differential Timeslice Computation.,10,1998,journal,,,Kristian Torp,,R. T. Wood|Lissa F. Pollacia|Eng Koon Sze
conf/aaai/Levinson84|conf/ecai/Napoli92|conf/ijcai/AsherV95|conf/kr/Gruber91|conf/kr/GruberO94|journals/ai/LindsayBFL93|journals/ai/Valdes-Perez95|journals/aim/Brachman85|journals/cogsci/WinstonCH87|journals/ijmms/Brachman77,http://doi.ieeecomputersociety.org/10.1109/69.706054|https://doi.org/10.1109/69.706054,IEEE Trans. Knowl. Data Eng.,journals/tkde/VetM98,20/05/2017,513-526,Bottom-Up Construction of Ontologies.,10,1998,journal,,,Paul E. van der Vet,bottom,Jehan-François Pâris|Michel Couprie|John S. Schlipf|Markus Kradolfer|Michael O'Donnell|Christine Collet
conf/ecai/DuboisPT88|conf/iclp/DuboisLP91|conf/ijcai/DuboisLP87|conf/ijcai/DuboisP91|conf/ijcai/IshizukaK85|conf/ijcai/Shapiro83|journals/ai/DuboisP91|journals/ai/Kleer86|journals/ai/Nilsson86|journals/ijmms/Hinde86|journals/jacm/Lee72|journals/jlp/Emden86,http://doi.ieeecomputersociety.org/10.1109/69.273026|https://doi.org/10.1109/69.273026,IEEE Trans. Knowl. Data Eng.,journals/tkde/DuboisLP94,20/05/2017,64-71,"Automated Reasoning Using Possibilistic Logic: Semantics, Belief Revision, and Variable Certainty Weights.",6,1994,journal,,,Didier Dubois,,Emilia Rosti|C. M. O. Moura|Lin S. Woo
books/sp/PreparataS85|conf/eds/StonebrakerSH86|conf/fodo/Ghosh85|conf/icde/CheineyFM86|conf/icde/SrivastavaL88|conf/ifip/OhsawaS83|conf/sigmod/Guttman84|conf/sigmod/Malvestuto88|conf/sigmod/OzsoyogluOM85|conf/sigmod/Robinson81|conf/sigmod/Sato81|conf/ssdbm/ChenMM88|conf/ssdbm/FortunatoRRS86|conf/ssdbm/Hebrail86|conf/vldb/SellisRF87|conf/wg/HinrichsN83|journals/cacm/Bentley75|journals/cacm/Codd70|journals/csur/Samet88|journals/csur/TeoreyYF86|journals/is/Ghosh88|journals/jacm/HorowitzP76|journals/siamcomp/Yao85a|journals/tods/Chen76|journals/tods/SmithS77|journals/tse/Ghosh86,http://doi.ieeecomputersociety.org/10.1109/69.43426|https://doi.org/10.1109/69.43426,IEEE Trans. Knowl. Data Eng.,journals/tkde/ChenM89,20/05/2017,519-529,On the Data Model and Access Method of Summary Data Management.,1,1989,journal,,,Meng Chang Chen,,Christos Makris|D. Chow|David Adam
books/aw/Samet90|conf/icde/Gunther93|conf/icde/LuH92|conf/icde/OlkenR93|conf/icde/Rotem91|conf/sigmod/BeckmannKSS90|conf/sigmod/BrinkhoffKS93|conf/sigmod/FaloutsosSR87|conf/sigmod/Guttman84|conf/sigmod/LoR94|conf/sigmod/Orenstein89|conf/sigmod/Orenstein90|conf/ssd/LoR95|conf/ssd/Orenstein91|conf/vldb/SellisRF87|journals/tods/NievergeltHS84|journals/tods/Valduriez87,http://doi.ieeecomputersociety.org/10.1109/69.667097|https://doi.org/10.1109/69.667097,IEEE Trans. Knowl. Data Eng.,journals/tkde/LoR98,20/05/2017,136-152,The Design and Implementation of Seeded Trees: An Efficient Method for Spatial Joins.,10,1998,journal,,,Ming-Ling Lo,implementation|trees,Mechtild Wallrath|Berthier A. Ribeiro-Neto|David E. Culler|Giuseppe F. Italiano|Clemens Bertram|Altigran Soares da Silva|Stefan Kramer 0001|Michael Picard|T. C. Tan|Peri L. Tarr|Paul J. Feltovich|Moshé M. Zloof|Ilsoo Ahn|Olga Kapitskaia|Zerksis D. Umrigar|Nathaniel Nystrom|Ilsoo Ahn|W. Grace Tang|Frédéric Gingras|Russell Sasnett
books/aw/AhoSU86|books/aw/Sedgewick83|conf/focs/GuibasO77|conf/isca/Gonzalez-RubioRT84|conf/isca/TakahashiYNM86|journals/cacm/AhoC75|journals/cacm/BoyerM77|journals/siamcomp/KnuthMP77|journals/tods/HaskinH83,http://doi.ieeecomputersociety.org/10.1109/69.219740|https://doi.org/10.1109/69.219740,IEEE Trans. Knowl. Data Eng.,journals/tkde/FanS93,20/05/2017,339-351,An Efficient Algorithm for Matching Multiple Patterns.,5,1993,journal,,,Jang-Jong Fan,,Alexandros Biliris|M. van der Nat|Hiroshi Sakai
journals/aim/Bock85,http://doi.ieeecomputersociety.org/10.1109/69.134248|https://doi.org/10.1109/69.134248,IEEE Trans. Knowl. Data Eng.,journals/tkde/BockKKRS92,20/05/2017,109-122,Gray-Scale ALIAS.,4,1992,journal,,,Peter Bock,scale|alias,J. Israel|Adolph D'Cunha|Rajan Suri|Anthony K. H. Tung|Tuyet-Tram Dang-Ngoc|Iakovos Motakis|Larry Fujitani|Dagobert Soergel|Manabu Ohta|Cleve B. Moler|Taha Khedro
conf/cikm/DimitrovaME97|conf/icmcs/DayDIKG95|conf/icmcs/YeoL95|conf/mm/ChangCMSZ97|conf/mm/HampapurWJ94|conf/mm/TeodosioB93|conf/mm/ZabihMM95|conf/spieSR/BoreczkyR96|conf/spieSR/KoblaDLF97|conf/spieSR/NiblackZHBPPFUNSDYSZP98|conf/spieSR/YeungY97|journals/cacm/ChristelKMRSSW95|journals/cacm/Grosky97|journals/cacm/GuptaJ97|journals/ieeemm/NwosuTB97|journals/mms/ArmanHC94|journals/mta/ZhangLS95,http://doi.ieeecomputersociety.org/10.1109/69.738361|https://doi.org/10.1109/69.738361,IEEE Trans. Knowl. Data Eng.,journals/tkde/DimitrovaMEM98,20/05/2017,988-995,Video Content Management in Consumer Devices.,10,1998,journal,,,Nevenka Dimitrova,,Robert Armstrong|Kirby Zhang|K. Davies
conf/ac/Gray78|conf/berkeley/DuBourdieu82|conf/icde/BoberC92|conf/icde/KolovsonS89|conf/podc/Silberschatz82|conf/sigmod/AgrawalS89|conf/sigmod/ChanFLNR82|conf/sigmod/LometS89|conf/sigmod/MohanPL92|conf/sigmod/StearnsR81|conf/vldb/BoberC92|conf/vldb/LaiW84|conf/vldb/Stonebraker87|journals/acta/BayerM72|journals/acta/BayerS77|journals/cacm/EswarranGLT76|journals/dc/AgrawalBGS87|journals/dtj/RaghavanR91|journals/ibmrd/Easton86|journals/tkde/HaasCLMWLLPCS90|journals/tocs/Reed83|journals/tods/BayerHR80|journals/tods/LehmanY81|journals/tse/ChanG85|phd/Carey83|phd/Robinson82,http://doi.ieeecomputersociety.org/10.1109/69.567048|https://doi.org/10.1109/69.567048,IEEE Trans. Knowl. Data Eng.,journals/tkde/BoberC97,06/11/2017,68-84,Indexing for Multiversion Locking: Alternatives and Performance Evaluation.,9,1997,journal,,,Paul M. Bober,indexing|locking|alternatives,Kirack Sohn|Béchir el Ayeb|Kjetil Nørvåg|Ming Li 0008|Stefan Deßloch|Theodore R. Bashkow|Suk Kyoon Lee|Reinhold Kröger|Donald E. Knuth|Remzi Kirkgöze|Jean-Marc Petit|Arthur J. Riel|Terry R. Payne|Albert Chang|P. Petry|Edward Pervin|Jörg Liebeherr|Stephen Alan Herrod|Michael L. Greenberg|Dirk Ellinghaus|Lawrence J. Henschen|Michael Lebowitz|Mas Tsuchiya|Simone Santini|Snehasis Mukhopadhyay|Tim Connors|Werner Nutt|Gultekin Özsoyoglu|Sol J. Greenspan
books/cs/Ullman89|books/mit/PF91/CaiCH91|books/mit/PF91/FrawleyPM91|books/mit/PF91/KaufmanMK91|books/mit/PF91/OLeary91|books/mit/PF91/Piatetsky91|books/mit/PF91/ZytkowB91|books/mit/PiatetskyF91|books/mit/fayyadPSU96/HanF96|conf/coopis/HanFN94|conf/eds/CuppensD88|conf/eds/ShumM88|conf/icde/PirotteR89|conf/kdd/HanF94|conf/sigmod/AgrawalIS93|conf/sigmod/BorgidaB93|conf/sigmod/MotroY90|conf/vldb/Motro89|journals/cacm/SilberschatzSU91|journals/csur/HullK87|journals/csur/TeoreyYF86|journals/jiis/ChuC92|journals/jiis/MichalskiKKR92|journals/jlp/Imielinski87|journals/tkde/HanCC93|journals/tkde/YuS89|journals/tods/Chen76,http://doi.ieeecomputersociety.org/10.1109/69.506706|https://doi.org/10.1109/69.506706,IEEE Trans. Knowl. Data Eng.,journals/tkde/HanHCF96,05/06/2017,373-390,Intelligent Query Answering by Knowledge Discovery Techniques.,8,1996,journal,,,Yue Huang,,Daniel A. Nonen|Robert P. Chase Jr.|Ralf-Detlef Kutsche
conf/sigmod/SelingerACLP79|journals/cacm/Cardenas75|journals/cacm/Siler76|journals/cacm/WhangWS83|journals/cacm/Yao77|journals/ipl/CiacciaMT88|journals/ipl/MaioST84|journals/is/BergamaschiS86|journals/is/Christodoulakis84|journals/is/ZandenTB87|journals/tods/Christodoulakis84|journals/tods/SchkolnickT85|journals/tse/CiacciaS89,http://doi.ieeecomputersociety.org/10.1109/69.234782|https://doi.org/10.1109/69.234782,IEEE Trans. Knowl. Data Eng.,journals/tkde/Ciaccia93,20/05/2017,712-718,Block Access Estimation for Clustered Data.,5,1993,journal,,,Paolo Ciaccia,,L. Edwin McKenzie|G. Maul|J. Boudenant
books/aw/Goldberg89|journals/amai/NixV92|journals/computer/SrinivasP94|journals/ml/SchraudolphB92|journals/tc/IbarraS75,http://doi.ieeecomputersociety.org/10.1109/69.485641|https://doi.org/10.1109/69.485641,IEEE Trans. Knowl. Data Eng.,journals/tkde/SrinivasP96,20/05/2017,120-133,Genetic Search: Analysis Using Fitness Moments.,8,1996,journal,,,M. Srinivas,,John A. Rushing|John S. Tilford|Jack K. Wolf
books/aw/BernsteinHG87|conf/icdcs/MehrotraRKS92|conf/icde/GeorgakopoulosRS91|conf/icde/HsuS91|conf/ride/BreitbartS92|conf/sigmod/BreitbartST90|conf/sigmod/Garcia-MolinaS87|conf/sigmod/LevyKS91|conf/vldb/KorthLS90|journals/debu/AlonsoGS87|journals/is/GligorP86|journals/tods/Garcia-Molina83|journals/tse/BreitbartGRS91|journals/vldb/BreitbartGS92,http://doi.ieeecomputersociety.org/10.1109/69.542032|https://doi.org/10.1109/69.542032,IEEE Trans. Knowl. Data Eng.,journals/tkde/ElmagarmidJKBZ96,28/03/2018,816-824,Global Committability in Multidatabase Systems.,8,1996,journal,,,Ahmed K. Elmagarmid,,M. Spyratos|Harry Wu|Sukho Lee
books/cs/Ullman88|books/kl/Snodgrass95|conf/caise/WiederholdJL91|conf/edbt/CliffordI94|conf/icde/Chomicki92|conf/icde/Tansel87|conf/pods/Escobar-MolanoHJ93|conf/pods/KabanzaSW90|conf/sigmod/BettiniWBJ95|conf/sigmod/CliffordT85|conf/sigmod/SegevS87|conf/sigmod/WangJS93|conf/tdb/AndroutsopoulosRT95|journals/ai/DeanM87|journals/ai/Shoham87|journals/amai/BettiniWJ98|journals/is/JensenSS94|journals/lncs/SegevC93|journals/sigmod/SnodgrassAABCDEGJKKKLLRSSS94|journals/tkde/SnodgrassGM93|journals/tods/CliffordW83|journals/tods/Snodgrass87|journals/tods/WangBBJ97,http://doi.ieeecomputersociety.org/10.1109/69.683757|https://doi.org/10.1109/69.683757,IEEE Trans. Knowl. Data Eng.,journals/tkde/BettiniWJ98,20/05/2017,277-296,Temporal Semantic Assumptions and Their Use in Databases.,10,1998,journal,,,Claudio Bettini,databases,Janice I. Glasgow|Gian Piero Zarri|Prabuddha Biswas|Daniel P. Friedman|Andreas Zachmann|Leszek Lilien|M. A. Oliver|Moira C. Norrie|Lon-Chan Chu
books/cs/Ullman88|books/fm/GareyJ79|books/mk/minker88/AptBW88|books/mk/minker88/Gelder88|books/mk/minker88/HenschenP88|books/mk/minker88/Lifschitz88|books/mk/minker88/Przymusinski88|books/sp/Lloyd87|conf/adbt/Clark77|conf/adbt/Reiter77|conf/cade/Minker82|conf/db-workshops/Reiter82|conf/dood/Ross89|conf/dood/Sakama89|conf/iclp/GelfondL88|conf/kr/Lozinskii89|conf/pods/BidoitH86|conf/pods/Gelder89|conf/pods/GelderRS88|conf/pods/GelfondPP86|journals/acr/GrantM86|journals/ipl/ChomickiS90|journals/jacm/EmdenK76|journals/jar/RossT88|journals/jar/YahyaH85|journals/jlp/Shepherdson84,http://doi.ieeecomputersociety.org/10.1109/69.219736|https://doi.org/10.1109/69.219736,IEEE Trans. Knowl. Data Eng.,journals/tkde/Chan93,20/05/2017,282-292,A Possible World Semantics for Disjunctive Databases.,5,1993,journal,,,Edward P. F. Chan,databases,Ravi Sethi|David G. Hendry|Kazuhide Iwata|Mark N. Haynie|Franz-Josef Grosch|R. Hartwig|Gösta Grahne|Asser N. Tantawi|Keizo Saisho
books/aw/AhoHU74|books/fm/GareyJ79|conf/pods/YuR88|conf/pods/YuR90|journals/cacm/Heckel78|journals/spe/Tichy85|journals/tods/BatoryK85|journals/tods/SeveranceL76|journals/toplas/FraserM87|journals/tse/DittrichL88|journals/tse/KatzL84|journals/tse/NarayanaswamyS87|journals/tse/Rochkind75|journals/tse/YauT87,http://doi.ieeecomputersociety.org/10.1109/69.219741|https://doi.org/10.1109/69.219741,IEEE Trans. Knowl. Data Eng.,journals/tkde/YuR93,20/05/2017,352-362,Ancestor Controlled Submodule Inclusion in Design Databases.,5,1993,journal,,,Lin Yu,,Thomas Merrow|Mitsuhiko Toda|Bipin C. Desai
books/aw/Date83|books/aw/Date86|books/cs/Ullman82|conf/ds/HallOT76|conf/icde/Agrawal87|conf/icde/RotemS87|conf/sigmod/BlakeleyLT86|conf/sigmod/CliffordT85|conf/sigmod/GadiaY88|conf/sigmod/Hanson87|conf/sigmod/LometS89|conf/sigmod/LumDEGPWWW84|conf/sigmod/SelingerACLP79|conf/sigmod/SnodgrassA85|conf/vldb/AdibaL80|conf/vldb/Cammarate81|conf/vldb/DadamLW84|conf/vldb/DayalB78|conf/vldb/ShoshaniK86|journals/cacm/KarrL78|journals/computer/RoussopoulosK86|journals/csur/ManninoCS88|journals/csur/McKenzieS91|journals/debu/StamS88|journals/is/AhnS88|journals/is/TompaB88|journals/jacm/Klug82|journals/sigmod/BolourADW82|journals/sigmod/OHareS89|journals/tods/BlakeleyCL89|journals/tods/Codd79|journals/tods/Gadia88|journals/tods/Roussopoulos82|journals/tods/Snodgrass87|journals/tse/Gehani82|journals/tse/Roussopoulos82|phd/McKenzie88,http://doi.ieeecomputersociety.org/10.1109/69.109107|https://doi.org/10.1109/69.109107,IEEE Trans. Knowl. Data Eng.,journals/tkde/JensenMR91,20/05/2017,461-473,Incremental Implementation Model for Relational Databases with Transaction Time.,3,1991,journal,,,Christian S. Jensen,implementation,Reinhard Braumandl|Levent V. Orman|Kyu-Young Whang|John A. Stankovic|Eric Hughes|Oscar Díaz|Myra Spiliopoulou|Mary F. Fernández|Lotfi A. Zadeh|V. Watson|Philippe Penny|Hennie J. Steenhagen|Clara Nippl|Michael Schryro
books/aw/Knuth81|conf/sigmod/Ioannidis87|conf/sigmod/IoannidisK90|conf/sigmod/IoannidisK91|conf/sigmod/SwamiG88|conf/vldb/LanzelotteVZ93|conf/vldb/MackertL86|journals/csur/YuC84|journals/jacm/BernsteinC81|journals/jcss/YuOL84|journals/siamcomp/Tarjan72|journals/tods/Sellis88|journals/tse/PramanikV88,http://doi.ieeecomputersociety.org/10.1109/69.476497|https://doi.org/10.1109/69.476497,IEEE Trans. Knowl. Data Eng.,journals/tkde/GroseljM95,20/05/2017,915-927,Combinatorial Optimization of Distributed Queries.,7,1995,journal,,,Bojan Groselj,,Sena Nural|Wo-Shun Luk|Anthony LaMarca
conf/iclp/Bruynooghe82a|conf/iclp/TamakiS84|conf/icse/Barstow88|conf/slp/BruynoogheJCD87|conf/slp/MannilaU87|conf/slp/Reddy84|journals/jlp/Debray89|journals/jlp/DebrayW88|journals/jlp/HermenegildoWD92|journals/jlp/Mellish85|journals/toplas/BossiCD90|journals/tse/TsaiWJ92,http://doi.ieeecomputersociety.org/10.1109/69.667092|https://doi.org/10.1109/69.667092,IEEE Trans. Knowl. Data Eng.,journals/tkde/TsaiLW98,20/05/2017,91-107,A Logic-Based Transformation System.,10,1998,journal,,,Jeffrey J. P. Tsai,,Ernest Szeto|Hans Matheis|Franco Civello
books/aw/BernsteinHG87|conf/dexa/PrichardDPW94|conf/icde/WuYP92|conf/oopsla/ResendeAA94|conf/oopsla/Rumbaugh87|conf/pods/WongA92|conf/rtss/DiPippoW93|conf/rtss/KuoM93|journals/computer/WellsBT92|journals/csur/BarghoutiK91|journals/dpd/Ramamritham93|journals/tc/BadrinathR88|journals/tc/Weihl88|journals/tkde/RamamrithamP95|journals/tocs/SchwarzS84|journals/tods/FarragO89|journals/tods/Garcia-Molina83|journals/tods/Lynch83,http://doi.ieeecomputersociety.org/10.1109/69.567056|https://doi.org/10.1109/69.567056,IEEE Trans. Knowl. Data Eng.,journals/tkde/DiPippoW97,20/05/2017,135-147,Object-Based Semantic Real-Time Concurrency Control with Bounded Imprecision.,9,1997,journal,,,Lisa Cingiser DiPippo,,Christian Richard|Alexander W. Röhm|Ira P. Goldstein
conf/pods/Malvestuto87|conf/sigmod/Malvestuto88|conf/sigmod/Sato81|conf/ssdbm/ChenMM88|conf/ssdbm/FortunatoRRS86|conf/ssdbm/Hebrail86|conf/ssdbm/MalvestutoZ88|conf/ssdbm/Rafanelli88|conf/vldb/MalvestutoM89|conf/vldb/Shoshani82|journals/isci/Su83|journals/tods/OzsoyogluOM87|journals/tse/Ghosh86|journals/tse/OzsoyogluO85,http://doi.ieeecomputersociety.org/10.1109/69.63254|https://doi.org/10.1109/69.63254,IEEE Trans. Knowl. Data Eng.,journals/tkde/MalvestutoM90,16/09/2017,425-430,Query Evaluability in Statistical Databases.,2,1990,journal,,,Francesco M. Malvestuto,,Peter J. Haas|Colin Bell|Billy G. Claybrook
books/mit/SterlingS86|conf/ijcai/IlineK87|conf/ijcai/SterlingY89|conf/oopsla/BobrowKKMSZ86|journals/aim/BylanderM86|journals/siamcomp/Tarjan72,http://doi.ieeecomputersociety.org/10.1109/69.243518|https://doi.org/10.1109/69.243518,IEEE Trans. Knowl. Data Eng.,journals/tkde/WongW93,20/05/2017,895-900,Design Guidelines for Object-Oriented Deductive Systems.,5,1993,journal,,,Stephen T. C. Wong,,M. Rajinikanth|Matthias Felleisen|James S. Pyra
journals/ibmsj/Belay66|journals/ibmsj/MattsonGST70,http://doi.ieeecomputersociety.org/10.1109/69.591459|https://doi.org/10.1109/69.591459,IEEE Trans. Knowl. Data Eng.,journals/tkde/Ford97,20/05/2017,350-351,Dismountable Media Management in Tertiary Storage Systems.,9,1997,journal,,,Daniel Alexander Ford,,Hisashi Kobayashi|Emmanuel Legros|Jae Soo Yoo
books/aw/HopcroftU79|conf/aaai/Ginsberg88a|conf/db-workshops/Levesque82|conf/ecai/Meseguer90|conf/ecai/Rousset88|journals/aim/NguyenPLP87|journals/aim/SuwaSS82|journals/cacm/Hayes-Roth85|journals/computer/Hayes-Roth84a|journals/ijmms/CragunS87|journals/tse/MurataZ88,http://doi.ieeecomputersociety.org/10.1109/69.334887|https://doi.org/10.1109/69.334887,IEEE Trans. Knowl. Data Eng.,journals/tkde/ZhangN94,20/05/2017,983-989,PREPARE: A Toll for Knowledge Base Verification.,6,1994,journal,,,Du Zhang,toll,Bruce G. Buchanan|Uday S. Reddy|Christer Hulten|H. T. Kung
books/aw/AhoHU74|books/aw/Cattell91|books/sp/Overmars83|books/sp/PreparataS85|conf/focs/DietzfelbingerKMHRT88|conf/focs/DobkinM80|conf/icde/KolovsonS89|conf/icde/TsotrasG92|conf/icdt/TsotrasG90|conf/sigmod/AhmedN91|conf/sigmod/LankaM91|conf/sigmod/LometS89|conf/sigmod/LometS90|conf/ssd/BeckerGOSW93|conf/vldb/ElmasriWK90|journals/computer/SnodgrassA86|journals/csur/Katz90|journals/csur/SalzbergT99|journals/csur/Samet88|journals/iandc/Chazelle85|journals/ins/NavatheA89|journals/ipl/Willard83|journals/is/LorentzosJ88|journals/is/TsotrasK95|journals/jacm/FredmanKS84|journals/jacm/Yao81a|journals/jal/Cole86|journals/jcss/DriscollSST89|journals/sigmod/JensenCEGHJ94|journals/tods/Snodgrass87,http://doi.ieeecomputersociety.org/10.1109/69.404032|https://doi.org/10.1109/69.404032,IEEE Trans. Knowl. Data Eng.,journals/tkde/TsotrasGH95,20/05/2017,591-608,Efficient Management of Time-Evolving Databases.,7,1995,journal,,,Vassilis J. Tsotras,databases,Harald Kosch|Krzysztof Koperski|Shian-Hua Lin|Scott Kirkpatrick|Barton P. Miller|Jyh-Sheng Ke|Arno Siebes|Michael Hirohama|Gerard Salton
books/aw/BernsteinHG87|conf/iwdm/Eich87|conf/sigmod/GruenwaldE91|journals/tc/Hagmann86|journals/tkde/KumarB92,http://doi.ieeecomputersociety.org/10.1109/69.729750|https://doi.org/10.1109/69.729750,IEEE Trans. Knowl. Data Eng.,journals/tkde/GruenwaldCH98,20/05/2017,859-861,Effects of Update Techniques on Main Memory Database System Performance.,10,1998,journal,,,Le Gruenwald,effects|memory|performance,Ragaa Ishak|Gerald S. Shedler|Guy M. Lohman|Neel Sundaresan|David Pierce|Youngbae Park|Robert Bogdanowicz|Vijayalakshmi Atluri|Jean-Robert Gruser|Kun-Lung Wu|T. Don Dennis|Chun Zhang|Ivar P. Groette|Danny Cohen|Henry M. Levy|Masakazu Soga|Maurice Herlihy|Ian Prince|Gökhan Kutlu|Richard A. O'Keefe|Kristen M. Kelleher|Minoru Yokota|Ernest Teniente|Cetin Ozkan|William E. Walden 0001|Pirjo Ronkainen
conf/focs/KedemS79|conf/sigmod/AgrawalCL85|journals/cacm/EswarranGLT76|journals/cacm/PotierL80|journals/jacm/MitraW84|journals/jacm/TaySG85|journals/tods/RiesS77|journals/tods/RiesS79,http://doi.ieeecomputersociety.org/10.1109/69.63255|https://doi.org/10.1109/69.63255,IEEE Trans. Knowl. Data Eng.,journals/tkde/HuangC90,20/05/2017,431-435,A New Methodology to Evaluate Locking Protocols.,2,1990,journal,,,Yin-Fu Huang,,Peter Druschel|John J. Wedel|Hui Wang 0008
books/bu/Rijsbergen79|conf/edbt/SheldonDWOG94|conf/ngits/LiD95|conf/sigir/AnickBFHAR90|conf/sigir/Radecki80|conf/usenix/HardyS93|journals/cacm/GoldbergNOT92|journals/computer/ObraczkaDL93|journals/csys/DanzigLO92|journals/ipm/Danilowicz94|journals/jasis/YoungS93|journals/tods/YanG94,http://doi.ieeecomputersociety.org/10.1109/69.649313|https://doi.org/10.1109/69.649313,IEEE Trans. Knowl. Data Eng.,journals/tkde/LiD97,20/05/2017,863-876,Boolean Similarity Measures for Resource Discovery.,9,1997,journal,,,Shih-Hao Li,,Graciela Gonzalez|William J. Weiland|Giorgio Bruno